{
  "uas":85.32675709,
  "las":79.0382244143,
  "ents_p":0.0,
  "ents_r":0.0,
  "ents_f":0.0,
  "tags_acc":95.1396070321,
  "token_acc":100.0
}